<?xml version="1.0" encoding="UTF-8"?>
<beans xmlns="http://www.springframework.org/schema/beans"
	xmlns:xsi="http://www.w3.org/2001/XMLSchema-instance"
	xsi:schemaLocation="http://www.springframework.org/schema/beans http://www.springframework.org/schema/beans/spring-beans.xsd">

	<bean id="vh6" class="sam06.VehicleImpl">
		<constructor-arg value="곽승현"></constructor-arg>
		<property name="rider" value="오토"></property>
		<property name="speed"><value>300</value></property>
	</bean>
</beans>
