<?xml version="1.0" encoding="UTF-8"?>
<beans xmlns="http://www.springframework.org/schema/beans"
	xmlns:xsi="http://www.w3.org/2001/XMLSchema-instance"
	xmlns:aop="http://www.springframework.org/schema/aop"
	xsi:schemaLocation="http://www.springframework.org/schema/beans http://www.springframework.org/schema/beans/spring-beans.xsd
		http://www.springframework.org/schema/aop http://www.springframework.org/schema/aop/spring-aop-3.2.xsd">

<!-- 어노테이션 방식 -->
	<aop:aspectj-autoproxy/>
	<bean id="logAop" class="aop3.LogAop"></bean>
	
	<bean id="student" class="aop3.buz.Student">
		<property name="name" value="홍길동"/>
		<property name="age" value="10"/>
		<property name="gradeNum" value="3"/>
		<property name="classNum" value="5"/>
	</bean>
	
</beans>
