<?xml version="1.0" encoding="UTF-8"?>
<beans xmlns="http://www.springframework.org/schema/beans"
	xmlns:xsi="http://www.w3.org/2001/XMLSchema-instance"
	xmlns:context="http://www.springframework.org/schema/context"
	xsi:schemaLocation="http://www.springframework.org/schema/beans http://www.springframework.org/schema/beans/spring-beans.xsd
		http://www.springframework.org/schema/context http://www.springframework.org/schema/context/spring-context-4.2.xsd">

<!-- xml보다 유지보수 편리, el 표기법으로 사용해도 유지보수 가능 -->
<!-- context:property-placeholder : properties 경로 -->
	<context:property-placeholder location="classpath:admin2.properties, classpath:sub_admin2.properties"/>
	<bean id="adminConnection" class="env02.AdminConnection">
		<property name="adminId" value="${admin.id}"/> <!-- el 표기법 -->
		<property name="adminPw" value="${admin.pw}"/>
		<property name="sub_adminId"><value>${sub_admin.id}</value></property>
		<property name="sub_adminPw"><value>${sub_admin.pw}</value></property>
	</bean>
</beans>
