<?xml version="1.0" encoding="UTF-8"?>
<beans xmlns="http://www.springframework.org/schema/beans"
	xmlns:xsi="http://www.w3.org/2001/XMLSchema-instance"
	xsi:schemaLocation="http://www.springframework.org/schema/beans http://www.springframework.org/schema/beans/spring-beans.xsd">

	<bean id="bmiCalculator" class="DI02.BMICalculator">
		<property name="lowWeight"><value>18.5</value></property>
		<property name="normal"><value>23</value></property>
		<property name="overWeight"><value>25</value></property>
		<property name="obesity"><value>30</value></property>
	</bean>
	
	<bean id="myInfo" class="DI02.MyInfo">
		<property name="name"><value>김준수</value></property>
		<property name="height" value="170.0"></property>
		<property name="weight"><value>72.0</value></property>
		<property name="hobbys">
				<list>
				<value>바둑</value>
				<value>낙시</value>
				<value>대화</value>
				</list>
		</property>
		<property name="bmiCalculator"><ref bean="bmiCalculator"/></property>
	</bean>
</beans>
