<?xml version="1.0" encoding="UTF-8"?>
<beans xmlns="http://www.springframework.org/schema/beans"
	xmlns:xsi="http://www.w3.org/2001/XMLSchema-instance"
	xsi:schemaLocation="http://www.springframework.org/schema/beans http://www.springframework.org/schema/beans/spring-beans.xsd">

<!-- scope="prototype" : 각 인스턴스 주소가 달라짐, 디폴트 = 싱글톤으로 하면 주소가 같아짐(메모리를 공유하기 때문에) -->
	<bean id="student3" class="DI06.Student" scope="prototype">
		<constructor-arg value="이순신"></constructor-arg>
		<constructor-arg value="55"></constructor-arg>
		<constructor-arg>
			<list>
				<value>활쏘기</value>
				<value>검술</value>
			</list>
		</constructor-arg>
		<property name="height" value="177"></property>
		
		<property name="weight" value="70"/>
	</bean>

</beans>
