<?xml version="1.0" encoding="UTF-8"?>
<!DOCTYPE mapper PUBLIC "-//mybatis.org//DTD Mapper 3.0//EN"
"http://mybatis.org/dtd/mybatis-3-mapper.dtd">

<!-- com.oracle.s202350101.뒤에 매핑하고 싶은 모델쓰면 됩니다 
	 mapper 여러개 쓰셔도 됩니다. -->
	 
<mapper namespace="com.oracle.oBootMybatis01.PostMapper">
	
	<select id="allPostList" resultType="Post">
		select * from post
	</select>
	
	
	<insert id="postInsert" parameterType="Post">
			INSERT INTO post 
			VALUES ((SELECT NVL(MAX(post_no), 0) + 1 FROM post), #{post_name}, sysdate, #{post_content})
	</insert>
	
	
	<select id="postContent" parameterType="int" resultType="Post">
		select * from post where post_no = #{post_no}
	</select>
	
	
	<update id="postUpdateStart" parameterType="post">
		update post set post_content = #{post_content} where post_no = #{post_no}
	</update>
	
	
	<delete id="postDelete" parameterType="int">
		delete from post where post_no = #{post_no}
	</delete>
	
</mapper>
