<?xml version="1.0" encoding="UTF-8"?>
<!DOCTYPE mapper PUBLIC "-//mybatis.org//DTD Mapper 3.0//EN"
"http://mybatis.org/dtd/mybatis-3-mapper.dtd">

<mapper namespace="com.oracle.oBootMybatis01.DeptMapper">
	
	<!-- Dept에 없는 것들 가져오기 위해 
	resultMap :  -->
	<resultMap type="Dept" id="DeptResult">
		<result property="deptno" column="deptno"/>
		<result property="dname"  column="dname"/>
		<result property="loc"    column="loc"/>	
	</resultMap>
	
	
	<select id="tkSelectDept" resultType="Dept">
		select * from dept
	</select>
	
	
	<select id="procDeptInsert" parameterType="DeptVO" statementType="CALLABLE">
		{
			call Dept_Insert3(
   				 #{deptno,  mode=IN,   jdbcType=INTEGER}
				,#{dname,   mode=IN,   jdbcType=VARCHAR}
				,#{loc,     mode=IN,   jdbcType=VARCHAR}
				,#{odeptno, mode=OUT,  jdbcType=INTEGER}
				,#{odname,  mode=OUT,  jdbcType=VARCHAR}
				,#{oloc,    mode=OUT,  jdbcType=VARCHAR}
				)
		}
	</select>
	
	
	<!-- dept = DeptResult -->
	<select id="procDeptList" parameterType="java.util.Map" statementType="CALLABLE">
		{
			call Dept_Cursor3(
   				  #{sDeptno,  mode=IN,    jdbcType=INTEGER}
   				 ,#{eDeptno,  mode=IN,    jdbcType=INTEGER}
   				 ,#{dept,     mode=OUT,   jdbcType=CURSOR
   				 ,  javaType=java.sql.ResultSet
   				 ,  resultMap=DeptResult}
				)
		}
	</select>
	






















</mapper>
